<?xml version="1.0" encoding="UTF-8"?>
<project-private xmlns="http://www.netbeans.org/ns/project-private/1">
    <editor-bookmarks xmlns="http://www.netbeans.org/ns/editor-bookmarks/2" lastBookmarkId="0"/>
    <open-files xmlns="http://www.netbeans.org/ns/projectui-open-files/2">
        <group>
            <file>file:/C:/Users/CTA-Network/Documents/NetBeansProjects/NapThe/src/ngocchinhofficial/NapThe/Commands/NapTheCommand.php</file>
            <file>file:/C:/Users/CTA-Network/Documents/NetBeansProjects/NapThe/plugin.yml</file>
            <file>file:/C:/Users/CTA-Network/Documents/NetBeansProjects/NapThe/src/ngocchinhofficial/NapThe/Storage/MySQL.php</file>
            <file>file:/C:/Users/CTA-Network/Documents/NetBeansProjects/NapThe/src/ngocchinhofficial/NapThe/NapTheAPI.php</file>
            <file>file:/C:/Users/CTA-Network/Documents/NetBeansProjects/NapThe/src/ngocchinhofficial/NapThe/NapThe.php</file>
        </group>
    </open-files>
</project-private>
